{
  "logging": {
    "logLevel": {
      "default": "Trace"
    }
  },
  "IsEncrypted": false,
  "Values": {
    "AzureWebJobsStorage": "UserDevelopmentStorage=true",
    "FUNCTIONS_WORKER_RUNTIME": "dotnet",
    "StateRepository": "DefaultEndpointsProtocol=https;AccountName=gttdevglobalstorage;AccountKey=ItkUfl6zQ1FtzvXjQXySUDfQMSvmLRP74sYylwN4lWMd/4NM709TlyTHwBUQBkYa4P3O0HMsbYFHuUqbjYEmow==;EndpointSuffix=core.windows.net",
    "TokenizeKey": "wdRbO+EiD3xHcY62Q71b2GC2DOBUjvm8mMhjIx4nxpA=",
    "TokenizeEndpoint": "https://tokenize-dev.azurewebsites.net",
    "JWT.Secret.0001": "2HNH3almwLNV7p6jhddyY0ilzMaA6lAmpDd3e4nocWzddq5wwg5RCxd9FQcoiMXLsOgY3OTbujmidBCqBxmg",
    "Security.hmac.0001": "fbind1FkuwuOLHApTPBqAvsAa0DPLQkrF0o4XKBtRDgA7WTaszlN8gOyKxuw8m3bh3sQa1M8BzZmfPv/yDSCCg==",
    "Security.aes.0001": "FA3LDfsNU34S3zBPykAiIwTUczfWxSEC410t0MAsblc="
  }
}